{"Original": {"per_class": {"0": {"class_name": "Negative", "true_positive": 10530, "all_positive": 17036, "all_true": 19000, "class_precision": 0.6181028410424982, "class_recall": 0.5542105263157895, "class_f1": 0.5844155844155844}, "1": {"class_name": "Positive", "true_positive": 12494, "all_positive": 20964, "all_true": 19000, "class_precision": 0.5959740507536729, "class_recall": 0.657578947368421, "class_f1": 0.6252627364628166}}, "total": {"macro_precision": 0.6070384458980855, "macro_recall": 0.6058947368421053, "macro_f1": 0.6064660521522623, "accuracy": 0.6058947368421053, "micro_precision": 0.6058947368421053, "micro_recall": 0.6058947368421053, "micro_f1": 0.6058947368421053}, "FPR": 0.4457894736842105, "FNR": 0.34242105263157896}}