{"Original": {"per_class": {"0": {"class_name": "Negative", "true_positive": 11918, "all_positive": 19110, "all_true": 19000, "class_precision": 0.6236525379382523, "class_recall": 0.6272631578947369, "class_f1": 0.6254526371031226}, "1": {"class_name": "Positive", "true_positive": 11808, "all_positive": 18890, "all_true": 19000, "class_precision": 0.6250926416093171, "class_recall": 0.6214736842105263, "class_f1": 0.6232779097387173}}, "total": {"macro_precision": 0.6243725897737846, "macro_recall": 0.6243684210526316, "macro_f1": 0.6243705054062498, "accuracy": 0.6243684210526316, "micro_precision": 0.6243684210526316, "micro_recall": 0.6243684210526316, "micro_f1": 0.6243684210526316}, "FPR": 0.37273684210526314, "FNR": 0.3785263157894737}}