{"Original": {"per_class": {"0": {"class_name": "Not abusive", "true_positive": 18023, "all_positive": 18083, "all_true": 18064, "class_precision": 0.9966819664878616, "class_recall": 0.9977302922940655, "class_f1": 0.9972058538744571}, "1": {"class_name": "Abusive", "true_positive": 841, "all_positive": 882, "all_true": 901, "class_precision": 0.953514739229025, "class_recall": 0.9334073251942286, "class_f1": 0.9433538979248458}}, "total": {"macro_precision": 0.9750983528584433, "macro_recall": 0.9655688087441471, "macro_f1": 0.970310183638499, "accuracy": 0.9946744002109148, "micro_precision": 0.9946744002109148, "micro_recall": 0.9946744002109148, "micro_f1": 0.9946744002109148}, "FPR": 0.002269707705934455, "FNR": 0.06659267480577137}}