{"Original": {"per_class": {"0": {"class_name": "Not abusive", "true_positive": 18018, "all_positive": 18074, "all_true": 18064, "class_precision": 0.9969016266460109, "class_recall": 0.9974534986713907, "class_f1": 0.9971774863025071}, "1": {"class_name": "Abusive", "true_positive": 845, "all_positive": 891, "all_true": 901, "class_precision": 0.9483726150392817, "class_recall": 0.9378468368479467, "class_f1": 0.9430803571428572}}, "total": {"macro_precision": 0.9726371208426463, "macro_recall": 0.9676501677596687, "macro_f1": 0.9701372355334461, "accuracy": 0.9946216715001318, "micro_precision": 0.9946216715001318, "micro_recall": 0.9946216715001318, "micro_f1": 0.9946216715001318}, "FPR": 0.002546501328609389, "FNR": 0.06215316315205328}}