{"Original": {"all": {"per_class": {"0": {"class_name": "surgeon", "true_positive": 690, "all_positive": 717, "all_true": 731, "class_precision": 0.9623430962343096, "class_recall": 0.9439124487004104, "class_f1": 0.9530386740331491}, "1": {"class_name": "nurse", "true_positive": 520, "all_positive": 561, "all_true": 547, "class_precision": 0.9269162210338681, "class_recall": 0.9506398537477148, "class_f1": 0.9386281588447652}}, "total": {"macro_precision": 0.9446296586340888, "macro_recall": 0.9472761512240626, "macro_f1": 0.9459510539058925, "accuracy": 0.94679186228482, "micro_precision": 0.94679186228482, "micro_recall": 0.94679186228482, "micro_f1": 0.94679186228482}, "FPR": 0.0560875512995896, "FNR": 0.04936014625228519}, "female": {"per_class": {"0": {"class_name": "surgeon", "true_positive": 82, "all_positive": 99, "all_true": 101, "class_precision": 0.8282828282828283, "class_recall": 0.8118811881188119, "class_f1": 0.8200000000000001}, "1": {"class_name": "nurse", "true_positive": 481, "all_positive": 500, "all_true": 498, "class_precision": 0.962, "class_recall": 0.9658634538152611, "class_f1": 0.9639278557114228}}, "total": {"macro_precision": 0.8951414141414141, "macro_recall": 0.8888723209670365, "macro_f1": 0.8919958526364431, "accuracy": 0.9398998330550918, "micro_precision": 0.9398998330550918, "micro_recall": 0.9398998330550918, "micro_f1": 0.9398998330550918}, "FPR": 0.18811881188118812, "FNR": 0.03413654618473896}, "male": {"per_class": {"0": {"class_name": "surgeon", "true_positive": 608, "all_positive": 618, "all_true": 630, "class_precision": 0.9838187702265372, "class_recall": 0.9650793650793651, "class_f1": 0.9743589743589743}, "1": {"class_name": "nurse", "true_positive": 39, "all_positive": 61, "all_true": 49, "class_precision": 0.639344262295082, "class_recall": 0.7959183673469388, "class_f1": 0.7090909090909091}}, "total": {"macro_precision": 0.8115815162608095, "macro_recall": 0.8804988662131519, "macro_f1": 0.8446367114810398, "accuracy": 0.9528718703976435, "micro_precision": 0.9528718703976435, "micro_recall": 0.9528718703976435, "micro_f1": 0.9528718703976435}, "FPR": 0.03492063492063492, "FNR": 0.20408163265306123}, "FPED": 0.1531981769605532, "FNED": 0.1699450864683223}}