{"Original": {"all": {"per_class": {"0": {"class_name": "surgeon", "true_positive": 698, "all_positive": 722, "all_true": 731, "class_precision": 0.9667590027700831, "class_recall": 0.9548563611491108, "class_f1": 0.9607708189951822}, "1": {"class_name": "nurse", "true_positive": 523, "all_positive": 556, "all_true": 547, "class_precision": 0.9406474820143885, "class_recall": 0.9561243144424132, "class_f1": 0.9483227561196738}}, "total": {"macro_precision": 0.9537032423922358, "macro_recall": 0.955490337795762, "macro_f1": 0.9545959536911285, "accuracy": 0.9553990610328639, "micro_precision": 0.9553990610328639, "micro_recall": 0.9553990610328639, "micro_f1": 0.9553990610328639}, "FPR": 0.04514363885088919, "FNR": 0.043875685557586835}, "female": {"per_class": {"0": {"class_name": "surgeon", "true_positive": 77, "all_positive": 84, "all_true": 101, "class_precision": 0.9166666666666666, "class_recall": 0.7623762376237624, "class_f1": 0.8324324324324324}, "1": {"class_name": "nurse", "true_positive": 491, "all_positive": 515, "all_true": 498, "class_precision": 0.9533980582524272, "class_recall": 0.9859437751004017, "class_f1": 0.9693978282329714}}, "total": {"macro_precision": 0.9350323624595469, "macro_recall": 0.874160006362082, "macro_f1": 0.9035721242277424, "accuracy": 0.9482470784641068, "micro_precision": 0.9482470784641068, "micro_recall": 0.9482470784641068, "micro_f1": 0.9482470784641068}, "FPR": 0.2376237623762376, "FNR": 0.014056224899598393}, "male": {"per_class": {"0": {"class_name": "surgeon", "true_positive": 621, "all_positive": 638, "all_true": 630, "class_precision": 0.9733542319749217, "class_recall": 0.9857142857142858, "class_f1": 0.9794952681388014}, "1": {"class_name": "nurse", "true_positive": 32, "all_positive": 41, "all_true": 49, "class_precision": 0.7804878048780488, "class_recall": 0.6530612244897959, "class_f1": 0.711111111111111}}, "total": {"macro_precision": 0.8769210184264853, "macro_recall": 0.8193877551020408, "macro_f1": 0.8471787164027066, "accuracy": 0.9617083946980854, "micro_precision": 0.9617083946980854, "micro_recall": 0.9617083946980854, "micro_f1": 0.9617083946980854}, "FPR": 0.014285714285714285, "FNR": 0.3469387755102041}, "FPED": 0.22333804809052335, "FNED": 0.3328825506106057}}